StudentID,Q1,Q2,Q3,Q4,Q5,Q6,Q7,Q8,Q9,Q10,True_Ability_Theta,Total_Raw_Score,Estimated_Ability
S_1,1,1,1,1,1,1,1,1,1,1,0.4967141530112327,10,1.2351870272937104
S_2,1,1,1,0,1,0,1,1,0,0,-0.1382643011711846,6,-0.017237655090889308
S_3,1,1,1,1,0,0,1,1,0,1,0.6476885381006925,7,0.25098469956414254
S_4,1,1,1,1,1,1,1,1,1,0,1.5230298564080254,9,0.9816191583403062
S_5,1,1,1,0,1,0,1,1,1,1,-0.2341533747233359,8,0.3562882677886018
S_6,0,1,1,0,1,1,0,1,1,0,-0.2341369569491805,6,-0.3193022276454821
S_7,1,1,1,1,1,1,0,1,1,1,1.5792128155073917,9,0.9868073088429345
S_8,1,1,1,1,0,0,1,0,1,0,0.7674347291529088,6,-0.0503908810404693
S_9,1,1,0,1,1,0,0,1,0,0,-0.4694743859349521,5,-0.18797227963475172
S_10,1,1,1,1,1,1,1,0,1,0,0.5425600435859647,8,0.6489907005924519
S_11,1,1,1,0,0,0,0,0,0,1,-0.4634176928124622,4,-0.6672646251205444
S_12,1,1,1,1,0,0,1,1,0,0,-0.4657297535702568,6,0.05292582810287687
S_13,1,0,0,1,1,1,1,1,0,1,0.2419622715660341,7,-0.013584001719231173
S_14,0,0,0,0,0,0,0,0,1,0,-1.913280244657798,1,-2.0211750672002426
S_15,1,1,0,0,0,0,0,0,1,0,-1.7249178325130328,3,-1.1188780541834924
S_16,1,0,1,1,1,0,1,1,1,0,-0.5622875292409727,7,0.21780526122498808
S_17,1,0,1,1,1,0,0,1,0,0,-1.0128311203344238,5,-0.1407747568174081
S_18,1,1,1,1,1,1,0,0,1,1,0.3142473325952739,8,0.6537389399220587
S_19,0,1,1,1,0,0,1,1,1,0,-0.9080240755212108,6,-0.2932490809651689
S_20,1,1,0,1,0,1,1,1,0,0,-1.4123037013352917,6,-0.19317211253643135
S_21,1,1,1,1,1,0,1,1,1,1,1.465648768921554,9,0.9328881685247423
S_22,1,1,1,0,0,1,1,1,1,1,-0.2257763004865356,8,0.15192594149896893
S_23,1,1,1,1,1,0,0,1,0,1,0.0675282046879238,7,0.5080809378125662
S_24,0,0,0,1,1,0,0,1,1,0,-1.4247481862134568,4,-0.9097650884505697
S_25,0,1,1,1,1,0,1,1,1,0,-0.5443827245251827,7,0.12226356601379687
S_26,1,1,1,1,1,0,0,1,1,0,0.110922589709866,7,0.4817211459511674
S_27,1,0,0,1,0,1,1,0,1,0,-1.1509935774223028,5,-0.6887762119380793
S_28,1,1,1,1,0,1,1,1,1,0,0.3756980183456719,8,0.4756651407664724
S_29,0,1,1,1,0,1,1,1,1,0,-0.600638689918805,7,-0.0716131047889193
S_30,1,1,0,1,0,1,1,0,0,0,-0.2916937497932768,5,-0.44896185468933003
S_31,1,1,1,1,0,1,0,1,1,0,-0.6017066122293969,7,0.271060032110111
S_32,1,1,1,1,1,1,1,1,1,0,1.8522781845089376,9,0.9816191583403062
S_33,0,1,0,0,1,1,0,1,0,1,-0.0134972247379339,5,-0.7379947483275364
S_34,0,0,0,1,0,0,1,0,1,0,-1.0577109289559004,3,-1.3667185300587517
S_35,1,1,1,1,1,1,1,1,1,0,0.822544912103189,9,0.9816191583403062
S_36,1,0,0,0,1,1,0,1,0,0,-1.2208436499710222,4,-0.827449538785656
S_37,0,1,0,1,0,1,1,1,0,0,0.2088635950047554,5,-0.6785447006139187
S_38,0,0,0,0,1,1,1,1,1,1,-1.959670123879776,6,-0.8055758749232782
S_39,1,1,0,0,0,0,1,0,0,1,-1.3281860488984305,4,-0.9297891025063556
S_40,1,0,0,1,0,1,0,1,0,0,0.1968612358691235,4,-0.7646331764648826
S_41,1,1,1,1,1,1,0,1,1,0,0.7384665799954104,8,0.7487651598305755
S_42,0,0,0,1,1,0,0,1,0,1,0.1713682811899705,4,-0.8887927985978451
S_43,1,1,0,1,1,0,1,1,0,0,-0.1156482823882405,6,-0.00419449851422951
S_44,0,0,0,1,1,1,1,1,0,0,-0.3011036955892888,5,-0.6858275675067766
S_45,1,1,0,1,0,0,0,0,0,0,-1.4785219903674274,3,-0.8279714217141767
S_46,0,1,1,0,0,0,0,0,0,0,-0.7198442083947086,2,-1.310005035939631
S_47,0,1,0,0,1,0,0,1,0,1,-0.4606387709597875,4,-0.944208724627083
S_48,1,1,1,1,0,1,1,1,1,0,1.0571222262189155,8,0.4756651407664724
S_49,1,1,1,1,0,1,0,1,0,1,0.3436182895684614,7,0.2960419693581659
S_50,0,0,1,0,0,1,1,0,1,0,-1.763040155362734,4,-1.1698986855081905
S_51,1,1,1,1,0,0,0,1,0,1,0.324083969394795,6,0.057019119518133404
S_52,1,1,1,0,0,1,1,0,1,0,-0.3850822804163165,6,-0.3041153898217742
S_53,1,0,0,1,1,0,0,1,0,1,-0.6769220003059587,5,-0.41407738097786817
S_54,1,0,1,1,1,1,0,1,0,1,0.6116762888408679,7,0.28742719048048737
S_55,1,1,1,1,0,1,0,1,0,0,1.030999522495951,6,0.09592656439709278
S_56,1,1,1,1,1,1,0,1,1,1,0.9312801191161986,9,0.9868073088429345
S_57,1,1,0,1,1,0,1,1,1,0,-0.8392175232226385,7,0.166875497825649
S_58,1,1,1,1,1,1,1,1,0,0,-0.3092123758512146,8,0.7721571879472521
S_59,1,1,1,1,1,0,1,1,1,0,0.3312634314035639,8,0.6981360437901449
S_60,1,1,1,1,1,1,1,1,1,1,0.9755451271223592,10,1.2351870272937104
S_61,1,1,0,1,1,1,0,0,1,0,-0.4791742378452899,6,-0.06473111044435458
S_62,1,1,0,0,0,0,1,0,1,0,-0.1856589766638171,4,-0.9507550400908402
S_63,0,0,0,0,0,0,1,1,1,1,-1.1063349740060282,4,-1.3939221138335613
S_64,0,1,0,1,1,0,0,1,0,0,-1.1962066240806708,4,-0.6736601852932542
S_65,1,0,0,1,1,1,1,1,1,1,0.812525822394198,8,0.1571214772359472
S_66,1,1,1,1,1,1,0,1,1,1,1.356240028570823,9,0.9868073088429345
S_67,1,1,1,0,0,1,1,1,0,1,-0.0720101215803338,7,-0.018586516210468387
S_68,1,1,1,1,1,0,1,1,0,1,1.0035328978920242,8,0.7260536277813249
S_69,0,1,1,1,1,1,1,1,1,1,0.3616360250476341,9,0.5795306798842867
S_70,0,1,0,1,0,1,0,1,1,1,-0.6451197546051243,6,-0.5218520521716029
S_71,1,1,1,1,1,1,1,1,1,1,0.3613956055084139,10,1.2351870272937104
S_72,1,1,1,1,1,1,1,1,1,1,1.5380365664659692,10,1.2351870272937104
S_73,1,1,1,0,1,1,1,0,1,0,-0.0358260391099515,7,0.11047308385926978
S_74,1,1,0,1,1,0,1,1,1,1,1.5646436558140062,8,0.37052517753834
S_75,0,0,1,1,0,0,1,0,0,1,-2.6197451040897444,4,-0.9130857029681703
S_76,1,1,0,1,1,0,0,1,1,0,0.8219025043752238,6,-0.023493679844222327
S_77,0,1,1,0,0,0,1,1,1,0,0.0870470682381712,5,-0.746002390257634
S_78,1,1,0,1,0,1,0,0,1,0,-0.2990073504658674,5,-0.466853952268092
S_79,0,1,1,1,0,0,0,1,0,1,0.0917607765355023,5,-0.4466814237087955
S_80,0,1,1,0,0,0,1,0,1,0,-1.9875689146008928,4,-0.9894634292279755
S_81,1,1,0,1,0,1,1,0,1,0,-0.2196718878375119,6,-0.29175260897127925
S_82,1,1,1,1,1,1,1,0,0,0,0.3571125715117464,7,0.45680880540874325
S_83,1,1,1,1,1,0,1,0,1,0,1.477894044741516,7,0.3886305952255991
S_84,1,1,1,1,1,1,0,1,1,0,-0.5182702182736474,8,0.7487651598305755
S_85,0,1,1,1,1,0,1,1,0,1,-0.8084936028931876,7,0.14637159461709087
S_86,1,1,0,1,0,0,1,1,0,0,-0.5017570435845365,5,-0.41035010452187537
S_87,1,1,1,1,1,1,0,0,1,1,0.915402117702074,8,0.6537389399220587
S_88,1,1,0,1,0,1,1,1,1,1,0.3287511096596844,8,0.16547023709467779
S_89,0,0,1,1,1,0,0,1,1,1,-0.5297602037670388,6,-0.29704140479162755
S_90,1,1,0,1,0,1,1,1,1,0,0.5132674331133561,7,-0.02886288003884584
S_91,1,1,0,1,1,1,1,0,1,1,0.0970775493480403,8,0.32537585567381133
S_92,1,1,1,1,1,0,1,1,0,0,0.9686449905328892,7,0.5035115698433223
S_93,1,1,1,0,0,0,0,0,1,1,-0.7020530938773524,5,-0.5141234734312432
S_94,1,0,1,1,1,1,1,1,0,1,-0.3276621465977682,8,0.4929056219998072
S_95,0,0,0,1,1,1,0,0,1,0,-0.3921081531321576,4,-0.9470560539432813
S_96,0,0,1,0,1,0,0,0,1,1,-1.4635149481321186,4,-0.993055595265374
S_97,1,1,1,0,1,1,1,1,1,1,0.296120277064576,9,0.6143901357150418
S_98,0,1,0,1,1,0,1,0,1,0,0.2610552721798893,5,-0.5973168594782639
S_99,0,1,0,1,1,1,1,1,1,0,0.0051134566424608,7,-0.12729106060942594
S_100,1,0,1,0,0,1,1,0,1,0,-0.2345871333751469,5,-0.7005883945188821
S_101,0,1,1,1,1,1,0,0,0,0,-1.4153707420504142,5,-0.26912115522962615
S_102,1,1,1,1,0,1,0,1,1,1,-0.420645322765359,8,0.4802014763278619
S_103,0,1,1,0,1,0,0,1,1,1,-0.3427145165267695,6,-0.3552680512266447
S_104,1,1,0,1,0,0,0,0,1,0,-0.8022772692216189,4,-0.6766113448900689
S_105,1,1,1,0,1,1,1,1,0,0,-0.1612857116660091,7,0.21761950396117832
S_106,1,1,1,1,1,1,0,1,1,1,0.4040508568145384,9,0.9868073088429345
S_107,1,1,0,1,0,1,1,1,1,0,1.8861859012105304,7,-0.02886288003884584
S_108,1,1,1,1,0,1,1,1,1,0,0.1745778128318389,8,0.4756651407664724
S_109,0,0,0,1,0,1,1,0,1,0,0.2575503907227643,4,-1.1581131667141704
S_110,1,1,0,0,0,0,1,1,1,0,-0.0744459157661672,5,-0.7070449166090327
S_111,0,0,1,1,0,1,1,1,0,0,-1.9187712152990413,5,-0.6343568690438012
S_112,1,1,1,1,0,1,1,1,1,0,-0.0265138754492168,8,0.4756651407664724
S_113,1,1,1,0,1,0,1,1,1,1,0.0602302099410264,8,0.3562882677886018
S_114,1,1,1,1,1,0,1,1,0,1,2.463242112485286,8,0.7260536277813249
S_115,1,1,0,1,1,1,0,1,1,1,-0.1923609647811225,8,0.4169580608707837
S_116,1,1,0,1,1,1,0,1,1,0,0.3015473423336124,7,0.2110237742505852
S_117,0,0,0,1,0,1,0,0,0,0,-0.0347117697052433,2,-1.4827649016824327
S_118,1,0,0,0,1,1,1,0,0,1,-1.168678037619532,5,-0.7307470313336746
S_119,1,1,1,1,1,1,1,1,1,0,1.1428228145150203,9,0.9816191583403062
S_120,1,1,1,1,1,1,1,0,1,1,0.7519330326867741,9,0.8805897253035639
S_121,1,1,1,1,1,1,1,1,1,1,0.7910319470430469,10,1.2351870272937104
S_122,0,1,0,1,0,1,1,1,1,0,-0.9093874547947388,6,-0.5255624055276119
S_123,0,1,1,1,0,1,1,1,1,1,1.4027943109360992,8,0.12087274358303679
S_124,0,1,0,1,0,0,0,1,0,0,-1.4018510627922809,3,-1.0531629688434339
S_125,1,1,1,1,1,0,1,1,1,1,0.5868570938002703,9,0.9328881685247423
S_126,1,1,1,1,1,1,1,1,1,1,2.1904556258099785,10,1.2351870272937104
S_127,0,0,0,0,0,1,0,0,1,0,-0.9905363251306885,2,-1.7915223951354178
S_128,0,1,0,1,1,1,1,1,1,0,-0.5662977296027719,7,-0.12729106060942594
S_129,1,1,1,0,1,1,0,0,1,0,0.0996513650876412,6,-0.07761271476899809
S_130,1,1,1,1,0,1,1,0,0,1,-0.5034756541161992,7,0.20713855124593852
S_131,0,1,0,0,0,1,1,1,1,1,-1.5506634310661327,6,-0.7983402446272658
S_132,0,1,1,1,1,0,1,1,1,1,0.0685629748060273,8,0.3236707516958662
S_133,0,1,0,1,0,0,1,0,0,0,-1.0623037137261049,3,-1.1285688795849198
S_134,0,1,1,1,0,0,1,1,1,0,0.4735924306351816,6,-0.2932490809651689
S_135,1,0,0,1,1,1,1,1,0,0,-0.9194242342338032,6,-0.20091942021377246
S_136,1,1,1,1,1,1,1,1,1,1,1.5499344050175394,10,1.2351870272937104
S_137,1,0,0,0,0,1,0,1,1,0,-0.7832532923362371,4,-1.0555680420959734
S_138,0,1,1,1,1,1,1,1,0,0,-0.3220615162056756,7,0.1860861533578752
S_139,1,1,0,1,1,1,0,1,1,1,0.8135172173696698,8,0.4169580608707837
S_140,0,0,0,0,1,0,0,1,0,0,-1.2308643164339552,2,-1.5090989444801517
S_141,1,1,1,1,1,1,0,1,0,0,0.2274599346041294,7,0.5515793699223894
S_142,1,1,1,1,0,0,1,0,1,1,1.307142754282428,7,0.1430032387968261
S_143,1,0,0,1,0,0,1,0,0,0,-1.6074832345612275,3,-1.0459488444811016
S_144,0,1,0,1,0,1,0,1,1,1,0.1846338585323042,6,-0.5218520521716029
S_145,1,1,0,1,1,0,1,0,0,0,0.2598827942484235,5,-0.2682745683076572
S_146,1,1,1,1,1,1,1,0,1,1,0.7818228717773104,9,0.8805897253035639
S_147,0,0,1,1,1,1,1,0,0,0,-1.236950710878082,5,-0.49625496604368025
S_148,1,0,0,0,0,1,0,1,0,1,-1.3204566130842763,4,-1.0345756527089425
S_149,1,1,1,1,1,1,1,1,1,1,0.5219415656168976,10,1.2351870272937104
S_150,1,1,1,0,0,0,0,1,1,0,0.296984673233186,5,-0.4404519532602927
S_151,1,1,1,1,1,0,1,1,0,1,0.2504928503458765,8,0.7260536277813249
S_152,1,1,0,1,1,0,1,0,0,0,0.3464482094969757,5,-0.2682745683076572
S_153,1,0,0,1,0,1,0,1,0,0,-0.6800247215784908,4,-0.7646331764648826
S_154,1,1,1,1,1,1,1,1,0,1,0.2322536971610035,9,1.011732328061409
S_155,0,1,1,1,0,1,1,1,0,1,0.2930724732986812,7,-0.048502738862937565
S_156,0,0,0,1,1,0,0,1,1,0,-0.7143514180263678,4,-0.9097650884505697
S_157,1,1,1,1,1,1,1,1,1,1,1.8657745111447568,10,1.2351870272937104
S_158,0,1,1,1,1,0,1,1,1,1,0.4738329209117875,8,0.3236707516958662
S_159,0,0,0,0,0,0,0,1,1,0,-1.1913034972026486,2,-1.7509879525110192
S_160,1,1,1,1,0,1,1,1,1,1,0.6565536086338297,9,0.696527063028194
S_161,1,1,1,1,1,1,1,1,0,0,-0.9746816702273214,8,0.7721571879472521
S_162,1,1,0,1,1,1,1,1,1,0,0.787084603742452,8,0.4124950867173756
S_163,1,1,0,1,1,1,1,1,0,0,1.158595579007404,7,0.23137659863824578
S_164,0,1,0,0,0,1,0,1,1,1,-0.8206823183517105,5,-0.9663878011133927
S_165,1,1,1,1,1,1,1,1,1,1,0.9633761292443218,10,1.2351870272937104
S_166,1,1,0,1,0,1,1,1,1,0,0.4127809269364983,7,-0.02886288003884584
S_167,1,1,1,1,0,1,1,1,1,1,0.82206015999449,9,0.696527063028194
S_168,1,1,1,1,1,1,1,1,1,0,1.8967929826539476,9,0.9816191583403062
S_169,0,1,0,1,1,0,1,0,0,0,-0.2453881160028705,4,-0.749417767767792
S_170,0,1,1,1,0,0,0,0,1,1,-0.7537361643574896,5,-0.5417467196882699
S_171,1,1,0,1,1,1,0,0,1,1,-0.8895144296255233,7,0.12804737119042817
S_172,1,1,0,1,0,1,0,1,0,1,-0.8158102849654383,6,-0.18927679511609125
S_173,1,1,1,0,1,1,1,1,1,1,-0.0771017094141042,9,0.6143901357150418
S_174,1,1,1,1,1,0,1,0,1,0,0.3411519748166439,7,0.3886305952255991
S_175,0,1,0,1,1,1,1,1,1,0,0.276690799330019,7,-0.12729106060942594
S_176,1,1,1,1,1,1,1,1,1,0,0.8271832490360238,9,0.9816191583403062
S_177,1,1,1,1,1,0,1,1,0,0,0.013001891877907,7,0.5035115698433223
S_178,1,1,1,1,1,1,1,1,1,0,1.4535340771573169,9,0.9816191583403062
S_179,0,1,1,0,1,0,1,0,1,0,-0.2646568332379561,5,-0.6092138508378229
S_180,1,1,1,1,1,1,1,1,1,1,2.720169166589619,10,1.2351870272937104
S_181,1,1,1,1,1,0,0,1,0,0,0.6256673477650062,6,0.2974921550324946
S_182,0,0,1,1,0,1,0,0,1,0,-0.8571575564162826,4,-0.896140334624249
S_183,0,1,0,0,1,0,0,0,0,1,-1.0708924980611123,3,-1.1879177745241132
S_184,1,1,0,1,1,0,1,0,1,0,0.4824724152431853,6,-0.10630250556189487
S_185,1,1,0,0,0,1,0,0,0,0,-0.2234627853258509,3,-1.0634757957012226
S_186,1,1,1,1,1,1,1,1,1,1,0.714000494092092,10,1.2351870272937104
S_187,1,0,1,0,1,1,1,1,0,0,0.4732376245735448,6,-0.21347284486700874
S_188,1,1,1,1,1,1,0,0,1,0,-0.0728289126568727,7,0.4352798735967174
S_189,1,1,1,0,0,0,1,0,1,0,-0.846793718068405,5,-0.5178369849683333
S_190,0,0,0,0,1,0,1,0,0,0,-1.5148472246858646,2,-1.5878514495372338
S_191,1,1,1,0,1,1,1,1,0,1,-0.4465149520670211,8,0.4239005600329613
S_192,1,1,1,1,1,1,1,1,0,1,0.8563987943234723,9,1.011732328061409
S_193,1,1,1,1,1,1,0,1,0,0,0.2140937441302039,7,0.5515793699223894
S_194,0,0,1,0,1,0,0,1,0,0,-1.245738778711988,3,-1.0721242245731482
S_195,1,1,0,1,0,0,0,1,1,1,0.173180925851182,6,-0.24837204725709408
S_196,1,1,1,1,0,1,1,1,1,1,0.3853173797288368,9,0.696527063028194
S_197,1,1,0,1,0,0,1,0,1,0,-0.883857436201133,5,-0.5058296521812122
S_198,1,1,1,1,1,0,0,1,1,1,0.1537251059455279,8,0.7029468755207854
S_199,1,1,0,1,1,1,1,1,1,0,0.0582087184459998,8,0.4124950867173756
S_200,1,1,1,1,1,0,1,1,0,0,-1.142970297830623,7,0.5035115698433223
S_201,1,1,0,1,0,1,0,0,1,0,0.3577873603482833,5,-0.466853952268092
S_202,1,1,0,1,1,1,1,1,1,1,0.5607845263682344,9,0.6296168632572681
S_203,1,1,1,1,1,0,0,1,0,0,1.083051243175277,6,0.2974921550324946
S_204,1,1,1,1,1,1,1,1,1,1,1.053802052034903,10,1.2351870272937104
S_205,1,0,0,0,0,0,0,1,1,1,-1.377669367957091,4,-1.0899229633383511
S_206,1,1,0,0,0,1,0,0,1,0,-0.9378250399151228,4,-0.9128463398307429
S_207,1,1,0,1,1,0,0,1,1,1,0.5150352672086598,7,0.17107637289146013
S_208,1,1,1,0,1,1,1,1,1,1,0.5137859509122088,9,0.6143901357150418
S_209,1,1,1,1,1,1,1,1,1,0,0.5150476863060479,9,0.9816191583403062
S_210,1,1,1,1,1,1,0,0,1,0,3.852731490654721,7,0.4352798735967174
S_211,1,1,1,1,1,1,0,1,0,0,0.570890510693167,7,0.5515793699223894
S_212,0,0,1,1,1,1,1,1,1,1,1.135565640180599,8,0.11260945500202232
S_213,1,1,1,1,1,1,1,1,0,1,0.9540017634932024,9,1.011732328061409
S_214,1,1,1,1,0,1,1,1,1,0,0.651391251305798,8,0.4756651407664724
S_215,1,1,1,0,0,1,0,1,1,0,-0.3152692446403456,6,-0.22430396667082497
S_216,0,0,1,1,0,1,1,1,1,1,0.7589692204932674,7,-0.3021457007217831
S_217,1,0,1,1,1,1,1,1,0,1,-0.7728252145375718,8,0.4929056219998072
S_218,0,1,1,1,0,0,1,1,0,0,-0.2368186067400088,5,-0.4504248444755238
S_219,0,1,0,1,0,1,0,1,1,0,-0.4853635478291034,5,-0.6960427489936801
S_220,1,1,1,0,1,1,0,0,1,0,0.0818741393863225,6,-0.07761271476899809
S_221,1,1,1,1,1,1,1,1,1,1,2.3146585666735087,10,1.2351870272937104
S_222,1,0,0,1,0,1,1,1,1,1,-1.867265192591748,7,-0.26118388516764024
S_223,1,0,1,1,0,0,1,1,1,0,0.6862601903745135,6,-0.20557303341102073
S_224,0,1,0,0,0,0,0,1,0,0,-1.6127158711896517,2,-1.5015890999925787
S_225,1,1,0,1,0,0,0,1,1,0,-0.4719318657894334,5,-0.42833148549069266
S_226,1,1,1,1,1,1,1,0,1,0,1.088950596967366,8,0.6489907005924519
S_227,1,1,0,1,0,0,1,0,1,1,0.0642800190954627,6,-0.3278711776964182
S_228,1,0,0,0,0,0,0,1,1,1,-1.077744777929306,4,-1.0899229633383511
S_229,0,0,1,1,0,1,0,0,1,1,-0.7153037092599682,5,-0.7241292059402707
S_230,1,1,1,0,1,1,1,0,1,0,0.6795977489346758,7,0.11047308385926978
S_231,0,1,1,0,1,1,1,0,0,0,-0.7303666317171367,5,-0.5529781461991164
S_232,1,1,1,1,0,1,0,1,1,1,0.2164585895819748,8,0.4802014763278619
S_233,1,1,0,1,0,1,1,0,1,1,0.0455718399038137,7,-0.10762723480977054
S_234,0,1,1,1,0,0,0,0,1,0,-0.6516003476058171,4,-0.7156427029425472
S_235,1,1,1,1,1,0,1,1,1,0,2.1439440893253257,8,0.6981360437901449
S_236,1,1,0,1,1,1,1,1,1,1,0.6339190223180112,9,0.6296168632572681
S_237,0,1,0,0,0,1,1,0,1,1,-2.025142586657607,5,-1.0416199552067853
S_238,1,1,0,1,1,0,1,1,1,0,0.1864543147694276,7,0.166875497825649
S_239,1,1,0,0,0,1,1,0,0,0,-0.661786464768388,4,-0.8955002602614426
S_240,1,1,1,1,1,1,1,1,1,0,0.852433334796224,9,0.9816191583403062
S_241,1,0,1,0,0,1,1,1,1,0,-0.7925207384327007,6,-0.4529044162831937
S_242,0,1,1,1,0,1,1,1,1,1,-0.114736441466899,8,0.12087274358303679
S_243,1,1,1,1,0,1,1,1,1,1,0.5049872789804571,9,0.696527063028194
S_244,1,1,1,1,1,1,0,0,1,0,0.8657551941701215,7,0.4352798735967174
S_245,0,0,1,0,0,0,0,1,1,0,-1.2002964070557762,3,-1.3019761132824186
S_246,1,1,1,1,0,0,0,1,1,1,-0.3345012358409484,7,0.2305356842822715
S_247,0,1,1,1,0,1,0,1,1,1,-0.4749453111609562,7,-0.0676261153489318
S_248,1,1,1,1,0,1,0,1,0,1,-0.6533292325737119,7,0.2960419693581659
S_249,1,1,1,1,1,0,1,1,1,1,1.7654542402810969,9,0.9328881685247423
S_250,1,1,1,1,1,1,0,0,1,0,0.4049817109609555,7,0.4352798735967174
S_251,0,1,1,0,0,0,1,1,0,0,-1.2608839543350452,4,-0.896917282601141
S_252,1,1,1,1,0,1,1,1,1,0,0.917861947054776,8,0.4756651407664724
S_253,1,1,1,1,1,1,1,1,1,1,2.122156197012633,10,1.2351870272937104
S_254,1,1,1,1,1,1,1,1,1,1,1.0324652605511468,10,1.2351870272937104
S_255,1,1,0,1,1,0,0,0,1,0,-1.5193699659540134,5,-0.2866397981098922
S_256,1,1,0,1,0,1,0,1,1,1,-0.4842340728662513,7,-0.02484077655017921
S_257,1,1,1,1,1,1,1,0,1,1,1.2669111491866227,9,0.8805897253035639
S_258,1,1,0,1,0,0,0,0,1,1,-0.7076694656187807,5,-0.5021111216339087
S_259,1,1,0,1,0,1,1,0,1,1,0.4438194281462284,7,-0.10762723480977054
S_260,1,1,1,1,1,0,0,1,1,0,0.7746340534293368,7,0.4817211459511674
S_261,1,1,0,1,0,1,1,0,1,0,-0.926930471578083,6,-0.29175260897127925
S_262,1,1,1,1,1,1,1,1,0,0,-0.0595253560618,8,0.7721571879472521
S_263,0,1,1,0,0,1,0,0,0,1,-3.241267340069073,4,-0.9305873885685965
S_264,0,0,0,0,0,0,1,0,0,0,-1.0243876413342898,1,-2.0014091424876606
S_265,1,1,0,1,0,0,1,1,0,0,-0.2525681513931603,5,-0.41035010452187537
S_266,0,1,0,0,1,1,1,1,1,0,-1.2477831819648495,6,-0.5894517950485533
S_267,1,1,1,1,1,1,1,1,1,1,1.6324113039316352,10,1.2351870272937104
S_268,0,1,0,0,0,1,1,0,1,0,-1.430141377960633,4,-1.2139409198432383
S_269,1,1,0,0,0,1,1,0,1,0,-0.4400444866969837,5,-0.7445781483345703
S_270,1,1,1,1,1,1,1,1,1,0,0.1307405772860913,9,0.9816191583403062
S_271,1,1,0,0,1,0,1,1,1,1,1.4412732890661155,7,-0.1352149375516232
S_272,0,1,0,0,0,0,1,1,1,1,-1.4358621511794394,5,-1.0043024978639927
S_273,1,1,1,1,1,1,1,1,1,1,1.1631637521549596,10,1.2351870272937104
S_274,0,1,0,1,0,0,0,1,1,0,0.010233061019587,4,-0.9025481854026369
S_275,0,1,0,1,1,0,0,0,1,0,-0.9815086510479508,4,-0.7668423686654703
S_276,1,0,0,1,0,0,1,1,1,0,0.4621034742632707,5,-0.651104755569541
S_277,1,1,0,1,1,0,0,1,1,1,0.19905969557347,7,0.17107637289146013
S_278,0,1,1,0,0,0,0,1,1,0,-0.6002168771587947,4,-0.9142630829615785
S_279,1,1,0,1,0,1,1,1,1,0,0.0698020849900189,7,-0.02886288003884584
S_280,1,0,0,1,1,1,1,1,1,0,-0.3853135968617602,7,-0.036860732241717604
S_281,0,0,0,1,0,0,1,0,1,0,0.113517345251248,3,-1.3667185300587517
S_282,0,1,0,1,0,1,0,1,1,1,0.6621306745210467,6,-0.5218520521716029
S_283,0,1,1,1,1,1,1,1,1,1,1.586016816145352,9,0.5795306798842867
S_284,1,1,1,1,0,0,0,1,1,0,-1.237815498826849,6,0.0333891993728399
S_285,1,1,1,1,1,1,1,1,1,0,2.133033374656266,9,0.9816191583403062
S_286,1,1,0,1,1,0,1,0,0,1,-1.9520877995225017,6,-0.08335255878998356
S_287,1,1,1,1,1,1,1,1,1,0,-0.1517850950355833,9,0.9816191583403062
S_288,1,1,1,1,1,1,0,0,1,1,0.5883172064845765,8,0.6537389399220587
S_289,0,0,0,1,1,1,0,1,1,0,0.2809918677350326,5,-0.7033170095191155
S_290,1,0,1,1,0,0,1,1,0,1,-0.6226995198205938,6,-0.18305021126343007
S_291,1,1,1,1,1,1,1,1,1,0,-0.2081222503572752,9,0.9816191583403062
S_292,1,1,1,1,0,1,0,0,1,1,-0.4930009346588328,7,0.18690291282923413
S_293,1,0,1,1,0,0,0,1,0,1,-0.5893647569442115,5,-0.361058365672748
S_294,1,1,1,1,1,0,0,1,1,1,0.8496020970210246,8,0.7029468755207854
S_295,1,1,1,1,0,1,1,1,1,0,0.3570154859650473,8,0.4756651407664724
S_296,1,1,0,1,0,1,0,0,0,1,-0.6929095952606542,5,-0.44521773830234024
S_297,1,1,1,1,1,1,1,0,1,1,0.8995998754332507,9,0.8805897253035639
S_298,1,1,1,1,0,1,1,1,1,1,0.3072995208766093,9,0.696527063028194
S_299,1,1,1,1,1,1,0,1,1,1,0.8128621188389601,9,0.9868073088429345
S_300,1,1,1,1,0,1,1,1,0,1,0.6296288419236122,8,0.5019832546005778
S_301,0,1,1,1,0,0,0,1,0,0,-0.8289950109220723,4,-0.6221411413306779
S_302,1,0,0,0,0,1,1,0,1,0,-0.5601810401969696,4,-1.1309809159382302
S_303,1,1,0,1,1,1,1,1,1,0,0.7472936051232618,8,0.4124950867173756
S_304,0,1,1,1,1,1,1,1,1,0,0.6103702654334648,8,0.3651437605179166
S_305,1,1,1,1,0,0,0,1,0,0,-0.0209015939641481,5,-0.1329407554329368
S_306,1,1,1,1,0,1,1,0,0,0,0.117327383308782,6,0.01101960547952703
S_307,1,1,1,1,1,1,1,1,1,0,1.277664895788425,9,0.9816191583403062
S_308,1,1,1,1,0,1,1,1,1,0,-0.5915713888358299,8,0.4756651407664724
S_309,1,1,1,1,0,1,1,0,1,1,0.5470973811700379,8,0.38714687395145725
S_310,1,0,0,1,0,1,1,0,1,1,-0.202192652433894,6,-0.5144717855622019
S_311,1,1,1,1,0,1,1,1,1,0,-0.2176812032272203,8,0.4756651407664724
S_312,1,0,1,1,1,1,1,1,1,1,1.09877685198719,9,0.686971313766822
S_313,1,1,1,1,1,0,0,1,1,1,0.8254163489880298,8,0.7029468755207854
S_314,1,1,1,1,1,1,0,1,1,0,0.8135096360006385,8,0.7487651598305755
S_315,1,1,1,1,0,1,0,1,1,1,1.305478807154329,8,0.4802014763278619
S_316,1,1,1,1,0,1,0,1,1,1,0.021003841632759,8,0.4802014763278619
S_317,1,0,1,1,1,1,1,0,0,0,0.6819529712949639,6,0.002954393538538439
S_318,1,1,1,1,1,0,0,1,1,1,-0.310266756593456,8,0.7029468755207854
S_319,1,1,1,1,1,0,1,1,1,0,0.3241663524884421,8,0.6981360437901449
S_320,0,1,0,0,0,0,0,1,0,0,-0.1301430543676845,2,-1.5015890999925787
S_321,1,1,0,1,1,0,1,0,1,1,0.0969959649927181,7,0.0847363653372822
S_322,0,1,0,1,1,1,1,1,1,1,0.5951570254369136,8,0.06289530437504276
S_323,1,0,0,1,0,1,0,0,0,0,-0.8182206832334725,3,-1.008009473764111
S_324,1,1,0,1,1,1,1,1,0,1,2.09238727568546,8,0.438385411821855
S_325,0,1,1,0,0,1,1,1,0,0,-1.006017381499702,5,-0.6903650939789957
S_326,1,1,1,1,0,0,1,1,1,0,-1.2141886127877322,7,0.22627504762153594
S_327,0,1,1,1,0,1,1,1,1,1,1.1581108735000678,8,0.12087274358303679
S_328,1,1,1,1,1,1,1,1,0,1,0.7916626939629359,9,1.011732328061409
S_329,1,1,1,1,1,1,1,1,0,0,0.6241198170521551,8,0.7721571879472521
S_330,1,1,0,1,1,1,1,0,1,1,0.6283455092642799,8,0.32537585567381133
S_331,0,1,1,1,1,1,1,1,1,0,-0.0122467728469146,8,0.3651437605179166
S_332,0,1,1,1,0,1,0,1,1,0,-0.8972543714858315,6,-0.25307619221129957
S_333,1,1,0,1,0,0,1,1,1,1,0.0758045581937263,7,-0.06674747630055632
S_334,0,0,0,0,0,1,0,1,0,1,-0.6771617115121117,3,-1.510362326635432
S_335,1,0,1,0,0,0,1,1,0,1,0.9751197334177512,5,-0.6417399649302745
S_336,1,1,1,1,1,1,0,1,0,0,-0.1470573815021386,7,0.5515793699223894
S_337,0,1,0,1,0,1,0,0,1,1,-0.8254971967925115,5,-0.7680606942586854
S_338,0,1,0,1,1,0,0,0,1,0,-0.3213858416529934,4,-0.7668423686654703
S_339,1,1,1,1,1,1,0,1,1,1,0.4129314542756243,9,0.9868073088429345
S_340,0,0,1,1,1,0,0,1,0,1,-0.5637245528039747,5,-0.45413268124872674
S_341,1,0,1,1,1,1,1,1,0,0,-0.8222203955664315,7,0.2831071373778466
S_342,1,1,1,1,0,1,0,1,1,1,0.2436872114919123,8,0.4802014763278619
S_343,1,1,1,1,0,1,1,1,1,0,0.2449665711087227,8,0.4756651407664724
S_344,0,0,0,1,0,0,1,1,1,1,-0.5069431753711298,5,-0.9488874108712501
S_345,0,1,0,1,0,1,0,1,1,1,-0.4710383056183228,6,-0.5218520521716029
S_346,1,1,0,1,1,1,0,0,1,1,0.2320499373576363,7,0.12804737119042817
S_347,0,1,1,1,0,0,0,0,0,1,-1.448084341497324,4,-0.6945128458649876
S_348,0,1,0,1,1,1,1,1,1,0,-1.4074637743765552,7,-0.12729106060942594
S_349,1,1,0,0,0,0,1,1,1,0,-0.718444221252436,5,-0.7070449166090327
S_350,1,1,1,1,1,0,0,0,0,0,-0.2134471517118472,5,0.01643430795512298
S_351,1,1,1,1,1,1,1,1,0,1,0.3109075655980046,9,1.011732328061409
S_352,1,1,1,1,1,1,1,1,1,1,1.475356216949552,10,1.2351870272937104
S_353,1,1,1,1,1,1,1,1,1,0,0.8576596232020194,9,0.9816191583403062
S_354,0,0,0,1,1,0,1,1,0,0,-0.1599385299634271,4,-0.8924183695760195
S_355,1,0,1,1,1,0,0,1,1,1,-0.0190162079026888,7,0.22205722797352245
S_356,0,1,1,0,1,1,0,0,1,1,-1.0025293646378088,6,-0.39417203285646446
S_357,1,1,1,1,0,1,1,1,1,0,-0.0185131359923899,8,0.4756651407664724
S_358,1,1,0,1,0,1,0,0,0,0,-0.2886586389201383,4,-0.6207045884920941
S_359,1,1,1,1,1,1,1,1,1,0,0.3227185603380895,9,0.9816191583403062
S_360,1,1,0,1,0,0,1,0,1,1,-0.827230943552323,6,-0.3278711776964182
S_361,1,0,1,1,1,1,1,1,1,0,0.5193465142411723,8,0.4666493439144673
S_362,1,1,1,1,1,1,0,1,1,0,1.5327389130025777,8,0.7487651598305755
S_363,1,0,0,1,0,1,1,1,1,0,-0.1087601484568576,6,-0.44080336056098035
S_364,1,1,0,0,1,0,1,0,1,1,0.4017117220989414,6,-0.39334144365251683
S_365,1,1,1,1,1,0,1,1,1,1,0.6901439917111125,9,0.9328881685247423
S_366,0,0,0,1,0,0,0,1,0,0,-0.4012204718858362,2,-1.4441702808311085
S_367,1,0,1,1,1,1,1,1,1,0,0.2240924818104167,8,0.4666493439144673
S_368,0,1,1,1,1,1,1,1,1,1,0.0125924007817948,9,0.5795306798842867
S_369,1,1,1,1,1,0,1,1,1,1,0.0976760985488317,9,0.9328881685247423
S_370,0,1,0,1,0,1,1,1,1,0,-0.7730097838554665,6,-0.5255624055276119
S_371,1,1,0,1,1,1,1,1,1,0,0.0245101742589427,8,0.4124950867173756
S_372,1,1,0,1,0,1,1,1,1,1,0.4979982912454497,8,0.16547023709467779
S_373,1,1,1,1,1,1,1,1,1,0,1.4511436077950417,9,0.9816191583403062
S_374,1,1,1,1,1,1,1,1,1,1,0.9592708260852068,10,1.2351870272937104
S_375,1,1,1,1,1,1,0,1,1,0,2.1531824575115563,8,0.7487651598305755
S_376,1,1,1,0,1,0,1,0,1,0,-0.7673475628880495,6,-0.11907867728511043
S_377,1,1,0,1,1,1,1,1,1,1,0.8723206367206782,9,0.6296168632572681
S_378,0,1,0,1,1,1,0,0,0,0,0.1833420057383517,4,-0.7112722204045852
S_379,1,1,1,1,1,1,1,1,1,1,2.1898029332176723,10,1.2351870272937104
S_380,0,1,1,0,1,1,0,1,1,0,-0.8082982853551515,6,-0.3193022276454821
S_381,0,0,0,0,0,1,1,1,0,0,-0.8397218421807761,3,-1.5141379180675265
S_382,1,1,1,1,0,1,0,0,1,0,-0.5993926454440222,6,-0.008341643431625821
S_383,1,0,0,0,0,0,1,1,0,0,-2.123895724309807,3,-1.2451374865000613
S_384,0,1,0,1,0,0,1,1,1,1,-0.525755021680761,6,-0.5605899186171184
S_385,1,1,0,1,0,0,1,1,1,0,-0.759132661553698,6,-0.2522273321761285
S_386,1,1,1,1,1,0,0,0,0,1,0.1503937864762076,6,0.21280028418057026
S_387,1,0,1,1,0,0,0,0,1,1,0.3417559757771594,5,-0.45714858473855025
S_388,1,1,1,1,1,1,1,1,1,1,1.8761708392158865,10,1.2351870272937104
S_389,1,1,1,1,1,1,0,1,0,1,0.9504238381860504,8,0.7770640921615041
S_390,0,0,0,0,0,1,0,0,1,1,-0.5769036556624031,3,-1.6074288331968218
S_391,0,1,1,0,0,1,1,1,1,0,-0.898414671348358,6,-0.5375437996137382
S_392,0,1,0,1,0,1,0,1,1,1,0.4919191715065057,6,-0.5218520521716029
S_393,0,1,1,1,0,0,1,0,0,0,-1.3202332070206422,4,-0.6981672904122498
S_394,1,1,0,1,1,1,1,1,1,1,1.8314587658543535,9,0.6296168632572681
S_395,1,1,1,1,1,1,1,1,0,1,1.179440120721287,9,1.011732328061409
S_396,0,1,0,0,0,1,0,1,1,0,-0.4691756521047048,4,-1.1382185983320157
S_397,0,0,0,1,0,0,1,0,0,0,-1.7131345290908775,2,-1.5222043496265434
S_398,1,1,1,1,1,0,1,1,1,0,1.3538723741654128,8,0.6981360437901449
S_399,0,1,1,0,1,0,0,1,1,1,-0.1145398452526178,6,-0.3552680512266447
S_400,1,1,1,1,1,1,1,0,1,1,1.2378163119734618,9,0.8805897253035639
S_401,0,0,0,0,0,0,1,0,1,1,-1.594427658794367,3,-1.647616270030251
S_402,0,1,1,1,0,1,0,0,1,0,-0.5993750229537729,5,-0.506648515779274
S_403,1,1,1,1,0,0,1,0,1,1,0.0052436997181831,7,0.1430032387968261
S_404,1,1,1,1,0,0,0,1,1,1,0.046980593764742,7,0.2305356842822715
S_405,0,0,1,1,0,1,1,1,0,1,-0.4500654714792436,6,-0.4591240836772304
S_406,1,0,1,1,1,1,1,0,1,1,0.6228499323474987,8,0.37833345456092354
S_407,0,1,0,0,1,0,1,0,1,0,-1.0676204293825944,4,-1.0404054560993201
S_408,0,1,1,0,0,1,0,1,1,1,-0.1423794850212935,6,-0.5338382340979496
S_409,1,1,1,1,1,1,1,1,1,1,0.1202956317118988,10,1.2351870272937104
S_410,1,1,1,1,0,0,1,1,1,0,0.514438834058749,7,0.22627504762153594
S_411,1,1,1,1,1,0,1,1,1,1,0.7116148780888898,9,0.9328881685247423
S_412,0,1,0,0,1,0,1,0,1,0,-1.1246420918378692,4,-1.0404054560993201
S_413,1,0,0,0,0,0,0,1,1,1,-1.5341141707356225,4,-1.0899229633383511
S_414,1,1,1,1,1,1,1,1,1,0,1.277676821898509,9,0.9816191583403062
S_415,1,1,1,1,1,1,1,1,0,0,0.3323140119795916,8,0.7721571879472521
S_416,1,1,1,1,0,1,0,1,0,1,-0.7484865365565536,7,0.2960419693581659
S_417,1,1,1,1,1,0,0,0,1,0,1.551151975522523,6,0.18831528067747555
S_418,1,1,1,1,1,1,1,0,1,1,0.1156746342928586,9,0.8805897253035639
S_419,1,1,1,1,1,1,1,1,1,1,1.1792971840638264,10,1.2351870272937104
S_420,0,1,1,1,1,0,1,1,1,1,0.0675184814101089,8,0.3236707516958662
S_421,1,1,1,1,1,1,1,1,1,1,2.060747924881987,10,1.2351870272937104
S_422,1,1,0,1,0,1,1,1,1,1,1.7553408424432044,8,0.16547023709467779
S_423,1,1,1,0,1,1,0,1,0,0,-0.2489641484790735,6,0.02510736573340289
S_424,1,1,1,1,1,1,1,0,1,1,0.9715709509543554,9,0.8805897253035639
S_425,0,1,1,1,0,1,0,0,1,1,0.6453759495851475,6,-0.3287097586576788
S_426,1,1,1,1,1,1,0,1,1,1,1.3686315575323489,9,0.9868073088429345
S_427,1,0,0,0,0,0,1,0,0,1,-0.9649234605801044,3,-1.3177707402047776
S_428,1,1,1,1,0,0,0,1,1,0,0.6860514599984393,6,0.0333891993728399
S_429,1,1,1,1,1,1,1,1,0,1,1.0584244868495878,9,1.011732328061409
S_430,0,0,0,1,0,0,0,0,0,0,-1.7587394864231145,1,-1.699768703136729
S_431,1,0,1,0,1,1,0,0,1,0,-1.183258512665775,5,-0.48633781589184466
S_432,0,1,0,1,0,0,1,0,1,0,-2.039232177760101,4,-0.9777488808087996
S_433,1,1,1,1,1,1,1,0,0,1,-0.2694068344445577,8,0.676543722389194
S_434,0,1,0,1,1,1,1,1,1,1,0.7175422557959623,8,0.06289530437504276
S_435,1,1,1,1,1,0,1,0,1,1,1.502357052096028,8,0.6043664263648686
S_436,1,1,1,1,1,1,1,1,1,0,0.0740947804197751,9,0.9816191583403062
S_437,1,1,1,1,1,1,1,1,0,0,1.6286155455712918,8,0.7721571879472521
S_438,0,1,0,1,0,1,0,1,0,0,-1.3801014582148914,4,-0.8472589657633198
S_439,0,1,0,0,0,1,0,1,1,1,-1.7033824393551549,5,-0.9663878011133927
S_440,0,1,1,1,0,1,1,1,1,1,-0.0555476988966187,8,0.12087274358303679
S_441,1,1,1,1,0,1,1,1,1,0,0.3840654489393073,8,0.4756651407664724
S_442,1,1,1,1,1,1,0,0,0,0,-0.0326947480940931,6,0.25315013418391996
S_443,0,0,1,0,0,0,0,1,1,0,-2.0674421000398766,3,-1.3019761132824186
S_444,1,1,0,1,0,1,1,0,1,0,-0.0891200395127884,6,-0.29175260897127925
S_445,1,1,0,1,0,1,0,0,0,1,-1.3044695005048532,5,-0.44521773830234024
S_446,1,1,1,1,1,0,1,1,1,1,0.6696725488300385,9,0.9328881685247423
S_447,0,1,1,1,1,0,1,1,1,1,0.3665982460968482,8,0.3236707516958662
S_448,1,1,1,0,1,1,1,0,1,0,-0.9398797863273552,7,0.11047308385926978
S_449,1,1,1,0,0,1,1,0,1,0,-0.5138669173366935,6,-0.3041153898217742
S_450,1,0,0,0,0,1,0,1,1,0,-1.0592135218889516,4,-1.0555680420959734
S_451,0,0,1,1,0,1,1,1,1,0,-0.0626790972731718,6,-0.48072322591415767
S_452,1,1,0,1,0,1,0,1,0,1,0.9551423205012384,6,-0.18927679511609125
S_453,1,0,1,0,0,0,1,1,1,0,-0.9857260463355436,5,-0.6629487609615221
S_454,1,1,1,1,1,0,1,1,1,1,0.5040465155178444,9,0.9328881685247423
S_455,0,1,1,1,0,0,1,1,0,0,-0.5302576183724408,5,-0.4504248444755238
S_456,1,0,0,1,0,0,1,1,1,0,-0.7928728322623442,5,-0.651104755569541
S_457,1,1,0,1,1,1,1,0,1,0,-0.1070303599545578,7,0.12388819669275737
S_458,0,1,0,1,1,0,0,1,1,1,-1.035242322419374,6,-0.34300252827242306
S_459,1,0,1,1,1,1,0,1,0,0,-0.553649305347182,6,0.08770983347129356
S_460,1,0,0,0,0,1,1,0,1,1,-1.1978778925888485,5,-0.9591834501967009
S_461,1,1,1,1,1,1,1,1,1,1,1.9647251329163893,10,1.2351870272937104
S_462,1,0,1,1,1,1,0,0,1,0,0.0352635519717286,6,-0.016373845083889855
S_463,0,0,0,1,1,0,1,1,1,1,-0.6997255079925856,6,-0.5679459052284613
S_464,1,0,1,1,1,1,1,1,1,1,0.213979910734222,9,0.686971313766822
S_465,1,1,0,0,1,1,0,1,0,0,-0.1123280496908298,5,-0.43596421563260584
S_466,1,1,0,1,1,1,1,0,0,0,-0.2209695995332229,6,-0.04559643064088546
S_467,1,1,1,1,1,0,0,1,1,1,0.6141667000434252,8,0.7029468755207854
S_468,1,1,1,0,1,1,0,1,1,1,0.7575077100473051,8,0.40255243168482785
S_469,1,0,1,0,0,1,0,1,1,0,-0.5305011476105275,5,-0.6245761118039547
S_470,1,1,0,1,0,0,0,0,1,0,-0.57581824064468,4,-0.6766113448900689
S_471,0,1,0,1,1,1,1,0,1,0,-0.275051697151644,6,-0.38575144021017455
S_472,0,1,0,0,0,0,1,0,0,0,-2.301921164735585,2,-1.5802546153052472
S_473,0,1,1,0,0,1,0,1,1,1,-1.5151910621985525,6,-0.5338382340979496
S_474,0,1,1,1,0,1,1,1,1,1,1.366874267444525,8,0.12087274358303679
S_475,1,1,1,1,1,1,1,1,1,1,1.6449677135012837,10,1.2351870272937104
S_476,1,0,1,1,1,0,1,1,1,1,-0.2490360395563783,8,0.42409610368767625
S_477,1,1,1,1,1,1,0,0,0,1,0.5765569630557664,7,0.4613230100545717
S_478,1,1,1,1,0,0,0,1,1,1,0.3112501545435361,7,0.2305356842822715
S_479,1,1,1,1,1,1,1,1,1,1,3.0788808084552377,10,1.2351870272937104
S_480,1,1,1,0,1,1,1,0,1,0,1.1195749114345768,7,0.11047308385926978
S_481,1,1,1,1,0,0,1,1,1,1,-0.1279175914807665,8,0.4330132827193592
S_482,1,1,1,1,0,1,1,1,1,0,-0.9555404406004258,8,0.4756651407664724
S_483,0,0,1,0,0,0,1,0,0,0,-1.6064463202575725,2,-1.5344345211124601
S_484,1,1,1,1,0,1,1,1,1,1,0.2034636358672231,9,0.696527063028194
S_485,0,0,1,1,1,0,1,1,1,0,-0.7563507452843033,6,-0.30086599328233726
S_486,0,0,0,1,1,1,1,1,1,0,-1.4222537095976742,6,-0.5329451311200504
S_487,0,1,0,0,1,0,1,0,1,0,-0.6465728842425266,4,-1.0404054560993201
S_488,1,1,0,1,0,0,0,0,0,1,-1.081548003614395,4,-0.655424490419769
S_489,1,1,1,1,1,0,0,1,1,1,1.6871416350725648,8,0.7029468755207854
S_490,1,1,1,1,1,1,0,1,1,1,0.8816397569494505,9,0.9868073088429345
S_491,1,0,1,1,1,0,0,1,1,1,-0.0079726413166173,7,0.22205722797352245
S_492,1,1,1,1,1,0,1,1,1,1,1.479944138890026,9,0.9328881685247423
S_493,0,1,1,1,0,1,1,1,1,0,0.0773683076476183,7,-0.0716131047889193
S_494,0,0,1,0,0,1,0,1,0,0,-0.8612842013282637,3,-1.2459451500532488
S_495,1,1,1,1,1,0,1,1,1,0,1.5231240772696573,8,0.6981360437901449
S_496,1,1,1,1,1,0,1,1,1,0,0.5389100436846587,8,0.6981360437901449
S_497,1,1,1,1,0,0,0,0,1,1,-1.0372461543264564,6,-0.04638664308954923
S_498,0,1,0,1,0,0,1,0,0,1,-0.1903386780836082,4,-0.9567819957648155
S_499,0,1,0,1,0,1,0,1,1,0,-0.8756182533847572,5,-0.6960427489936801
S_500,0,1,1,0,0,0,1,0,1,1,-1.382799730964336,5,-0.8178393436331032
